[{"id": "JI006", "name": "bp Rest Area KM 819A", "lat": -7.748159, "lng": 113.071184, "site_brand": "BP", "country_code": "ID", "address": "Rest Area KM 819A Tol Pasuruan-Probolinggo, Pilang Kacir, Tanjungrejo, Tongas, Probolinggo, Jawa Timur", "city": "Kota Surabaya", "state": "Jawa Timur", "postcode": "60252", "telephone": "+62 811-1990-0606", "facilities": ["toilet", "musholla", "alfamart", "truck_suitable_site", "truck_parking", "bike_friendly"], "products": ["regular_diesel", "regular_92"], "website": null, "watchlist_id": null, "formatted_address": "Rest Area KM 819A Tol Pasuruan-Probolinggo, Pilang Kacir, Tanjungrejo, Tongas, Probolinggo, Jawa Timur\nKota Surabaya\n60252", "channel_of_trade": null}, {"id": "JI001", "name": "bp Gubeng Raya", "lat": -7.273041, "lng": 112.74766, "site_brand": "BP", "country_code": "ID", "address": "Jl. Raya Gubeng No. 39 A-41 RT 003 RW 004 , Gubeng", "city": "Surabaya", "state": "Jawa Timur", "postcode": "60281", "telephone": "+62 811-1990-0606", "facilities": ["tires_pump_up", "toilet", "musholla", "tuku_coffee", "alfamart", "fresh_pastry", "bike_friendly"], "products": ["regular_diesel", "regular_92", "ultimate"], "website": null, "watchlist_id": null, "formatted_address": "Jl. Raya Gubeng No. 39 A-41 RT 003 RW 004 , Gubeng\nSurabaya\n60281", "channel_of_trade": null}, {"id": "JI002", "name": "bp Kertajaya Indah", "lat": -7.280535, "lng": 112.784159, "site_brand": "BP", "country_code": "ID", "address": "Jl. Raya Kertajaya No. 132 (Blok S 301 \u2013 S 303), Surabaya", "city": "Surabaya", "state": "Jawa Timur", "postcode": "60116", "telephone": "+62 811-1990-0606", "facilities": ["tires_pump_up", "toilet", "musholla", "kopi_kenangan", "alfamart", "bike_friendly"], "products": ["regular_diesel", "regular_92", "ultimate"], "website": null, "watchlist_id": null, "formatted_address": "Jl. Raya Kertajaya No. 132 (Blok S 301 \u2013 S 303), Surabaya\nSurabaya\n60116", "channel_of_trade": null}, {"id": "JI007", "name": "bp Pemuda", "lat": -7.265525, "lng": 112.747245, "site_brand": "BP", "country_code": "ID", "address": "Jl. Pemuda No. 72 RT 001 RW 003 Kelurahan Embong Kaliasin, Kecamatan Genteng, Surabaya, Jawa Timur.", "city": "Surabaya", "state": "Jawa Timur", "postcode": "60271", "telephone": "+62 811-1990-0606", "facilities": ["tires_pump_up", "toilet", "musholla", "kopi_kenangan", "alfamart", "bike_friendly"], "products": ["regular_diesel", "regular_92", "ultimate"], "website": null, "watchlist_id": null, "formatted_address": "Jl. Pemuda No. 72 RT 001 RW 003 Kelurahan Embong Kaliasin, Kecamatan Genteng, Surabaya, Jawa Timur.\nSurabaya\n60271", "channel_of_trade": null}, {"id": "JI003", "name": "bp Margorejo Indah", "lat": -7.317867, "lng": 112.743352, "site_brand": "BP", "country_code": "ID", "address": "Jl. Margorejo Indah No. 327, Kelurahan Margorejo, Kecamatan Wonocolo, Surabaya, Jawa Timur.", "city": "Surabaya", "state": "Jawa Timur", "postcode": "60238", "telephone": "+62 811-1990-0606", "facilities": ["tires_pump_up", "toilet", "musholla", "kopi_kenangan", "alfamart", "bike_friendly"], "products": ["regular_diesel", "regular_92", "ultimate"], "website": null, "watchlist_id": null, "formatted_address": "Jl. Margorejo Indah No. 327, Kelurahan Margorejo, Kecamatan Wonocolo, Surabaya, Jawa Timur.\nSurabaya\n60238", "channel_of_trade": null}, {"id": "JI005", "name": "bp Raya Nginden", "lat": -7.303416, "lng": 112.761905, "site_brand": "BP", "country_code": "ID", "address": "Jl. Raya Nginden No 68, Kel Baratajaya, Kec Gubeng, Surabaya", "city": "Kota Surabaya", "state": "Jawa Timur", "postcode": "60284", "telephone": "+62 811-1990-0606", "facilities": ["tires_pump_up", "toilet", "musholla", "bike_friendly"], "products": ["regular_diesel", "regular_92", "ultimate"], "website": null, "watchlist_id": null, "formatted_address": "Jl. Raya Nginden No 68, Kel Baratajaya, Kec Gubeng, Surabaya\nKota Surabaya\n60284", "channel_of_trade": null}, {"id": "JI008", "name": "bp Rest Area KM 833B", "lat": -7.809445, "lng": 113.171747, "site_brand": "BP", "country_code": "ID", "address": "Rest Area Km 833b Tol Pasuruan-Probolinggo Aum Kerep, Pohsangit Leres, Kec. Sumberasih, Probolinggo, Jawa Timur", "city": "Kabupaten Probolinggo", "state": "Jawa Timur", "postcode": "67251", "telephone": "+62 811-1990-0606", "facilities": ["toilet", "musholla", "alfamart", "truck_suitable_site", "truck_parking", "bike_friendly"], "products": ["regular_diesel", "regular_92"], "website": null, "watchlist_id": null, "formatted_address": "Rest Area Km 833b Tol Pasuruan-Probolinggo Aum Kerep, Pohsangit Leres, Kec. Sumberasih, Probolinggo, Jawa Timur\nKabupaten Probolinggo\n67251", "channel_of_trade": null}, {"id": "JI009", "name": "bp Merr Rungkut", "lat": -7.316285, "lng": 112.780506, "site_brand": "BP", "country_code": "ID", "address": "JL Dr. Ir. H. Soekarno No 340 Kel. Kedung Baruk, Kec. Rungkut Surabaya", "city": "Kota Surabaya", "state": "Jawa Timur", "postcode": "60298", "telephone": "+62 811-1990-0606", "facilities": ["tires_pump_up", "toilet", "musholla", "tuku_coffee", "alfamart", "fresh_pastry", "shop", "bike_friendly"], "products": ["regular_diesel", "regular_92", "ultimate"], "website": null, "watchlist_id": null, "formatted_address": "JL Dr. Ir. H. Soekarno No 340 Kel. Kedung Baruk, Kec. Rungkut Surabaya\nKota Surabaya\n60298", "channel_of_trade": null}, {"id": "JK002", "name": "bp Sunter Selatan", "lat": -6.148393, "lng": 106.860165, "site_brand": "BP", "country_code": "ID", "address": "Jl Danau Sunter Selatan No.24, RT. 001 RW. 016 Sunter Agung, Tanjung Priok, Kota Jakarta Utara, DKI Jakarta", "city": "Kota Jakarta Utara", "state": "DKI Jakarta", "postcode": "14350", "telephone": "+62 811-1990-0606", "facilities": ["tires_pump_up", "toilet", "musholla", "tuku_coffee", "alfamart", "fresh_pastry", "bike_friendly"], "products": ["regular_diesel", "regular_92", "ultimate"], "website": null, "watchlist_id": null, "formatted_address": "Jl Danau Sunter Selatan No.24, RT. 001 RW. 016 Sunter Agung, Tanjung Priok, Kota Jakarta Utara, DKI Jakarta\nKota Jakarta Utara\n14350", "channel_of_trade": null}, {"id": "JB010", "name": "bp Mustika Vida", "lat": -6.315504, "lng": 107.001101, "site_brand": "BP", "country_code": "ID", "address": "Jl Raya Bantargebang-Setu RT 003 RW 002 Kel Padurenan Kec Mustikajaya Kota Bekasi", "city": "Kota Bekasi", "state": "Jawa Barat", "postcode": "16340", "telephone": "+62 811-1990-0606", "facilities": ["tires_pump_up", "toilet", "musholla", "alfamart", "bike_friendly"], "products": ["regular_diesel", "regular_92"], "website": null, "watchlist_id": null, "formatted_address": "Jl Raya Bantargebang-Setu RT 003 RW 002 Kel Padurenan Kec Mustikajaya Kota Bekasi\nKota Bekasi\n16340", "channel_of_trade": null}, {"id": "JB002", "name": "bp KHI Boulevard", "lat": -6.169673, "lng": 106.966744, "site_brand": "BP", "country_code": "ID", "address": "Jl Harapan Indah Blvrd, Kota Harapan Indah,Kabupaten Bekasi", "city": "Bekasi", "state": "Jawa Barat", "postcode": "17214", "telephone": "+62 811-1990-0606", "facilities": ["open_24_hours", "tires_pump_up", "toilet", "musholla", "kopi_kenangan", "alfamart", "bike_friendly"], "products": ["regular_diesel", "regular_92", "ultimate"], "website": null, "watchlist_id": null, "formatted_address": "Jl Harapan Indah Blvrd, Kota Harapan Indah,Kabupaten Bekasi\nBekasi\n17214", "channel_of_trade": null}, {"id": "JI014", "name": "bp HR Muhammad", "lat": -7.284115, "lng": 112.692773, "site_brand": "BP", "country_code": "ID", "address": "Jl. Mayjen HR. Muhammad No. 88 & Jl. Darmo Permai I/1-3, Pradahkalikendal, Dukuh Pakis, Surabaya 60226", "city": "Kota Surabaya", "state": "Jawa Timur", "postcode": "60226", "telephone": "+62 811-1990-0606", "facilities": ["tires_pump_up", "toilet", "musholla", "tuku_coffee", "alfamart", "bike_friendly"], "products": ["regular_diesel", "regular_92", "ultimate"], "website": null, "watchlist_id": null, "formatted_address": "Jl. Mayjen HR. Muhammad No. 88 & Jl. Darmo Permai I/1-3, Pradahkalikendal, Dukuh Pakis, Surabaya 60226\nKota Surabaya\n60226", "channel_of_trade": null}, {"id": "JI004", "name": "bp Soekarno Hatta", "lat": -7.939799, "lng": 112.620513, "site_brand": "BP", "country_code": "ID", "address": "Jl Soekarno Hatta No. 78 B RT. 001 RW. 014, Kel. Mojolangu, Kec. Lowokwaru, Malang, Jawa Timur", "city": "Kota Malang", "state": "Jawa Timur", "postcode": "65142", "telephone": "+62 811-1990-0606", "facilities": ["tires_pump_up", "toilet", "musholla", "bike_friendly"], "products": ["regular_diesel", "regular_92", "ultimate"], "website": null, "watchlist_id": null, "formatted_address": "Jl Soekarno Hatta No. 78 B RT. 001 RW. 014, Kel. Mojolangu, Kec. Lowokwaru, Malang, Jawa Timur\nKota Malang\n65142", "channel_of_trade": null}, {"id": "JI011", "name": "bp Tridharma Gresik", "lat": -7.161717, "lng": 112.632633, "site_brand": "BP", "country_code": "ID", "address": "Jl Tri Dharma No 3 Kel. Karangturi, Kec. Gresik, Kabupaten Gresik, Jawa Timur", "city": "Kabupaten Gresik", "state": "Jawa Timur", "postcode": "61121", "telephone": "+62 811-1990-0606", "facilities": ["tires_pump_up", "toilet", "musholla", "alfamart", "bike_friendly"], "products": ["regular_diesel", "regular_92"], "website": null, "watchlist_id": null, "formatted_address": "Jl Tri Dharma No 3 Kel. Karangturi, Kec. Gresik, Kabupaten Gresik, Jawa Timur\nKabupaten Gresik\n61121", "channel_of_trade": null}, {"id": "JI010", "name": "bp Panglima Sudirman", "lat": -7.968151, "lng": 112.638499, "site_brand": "BP", "country_code": "ID", "address": "Jl Panglima Sudirman No 1, Kel. Kesatrian, Kec. Blimbing, Kota Malang, Jawa Timur", "city": "Kota Malang", "state": "Jawa Timur", "postcode": "65121", "telephone": "+62 811-1990-0606", "facilities": ["tires_pump_up", "toilet", "musholla", "alfamart", "bike_friendly"], "products": ["regular_diesel", "regular_92"], "website": null, "watchlist_id": null, "formatted_address": "Jl Panglima Sudirman No 1, Kel. Kesatrian, Kec. Blimbing, Kota Malang, Jawa Timur\nKota Malang\n65121", "channel_of_trade": null}, {"id": "JI013", "name": "bp Perusahaan Raya", "lat": -7.91352, "lng": 112.64526, "site_brand": "BP", "country_code": "ID", "address": "Jalan Raya Perusahaan, Kelurahan Tunjungtirto, Kecamatan Singosari, Kabupaten Malang, Jawa Timur", "city": "Kabupaten Malang", "state": "Jawa Timur", "postcode": "65153", "telephone": "+62 811-1990-0606", "facilities": ["tires_pump_up", "toilet", "musholla", "bike_friendly"], "products": ["regular_diesel", "regular_92", "ultimate"], "website": null, "watchlist_id": null, "formatted_address": "Jalan Raya Perusahaan, Kelurahan Tunjungtirto, Kecamatan Singosari, Kabupaten Malang, Jawa Timur\nKabupaten Malang\n65153", "channel_of_trade": null}, {"id": "JI012", "name": "bp Batu Malang", "lat": -7.89452, "lng": 112.552529, "site_brand": "BP", "country_code": "ID", "address": "Jl IR Sukarno No 110 Kel. Beji, Kec. Junrejo, Kota Batu, Malang, Jawa Timur", "city": "Kota Malang", "state": "Jawa Timur", "postcode": "65326", "telephone": "+62 811-1990-0606", "facilities": ["tires_pump_up", "toilet", "musholla", "bike_friendly"], "products": ["regular_diesel", "regular_92", "ultimate"], "website": null, "watchlist_id": null, "formatted_address": "Jl IR Sukarno No 110 Kel. Beji, Kec. Junrejo, Kota Batu, Malang, Jawa Timur\nKota Malang\n65326", "channel_of_trade": null}, {"id": "JK006", "name": "bp Pluit Indah", "lat": -6.11795, "lng": 106.784609, "site_brand": "BP", "country_code": "ID", "address": "Jl. Pluit Indah No.35 Blok A Kav. No.1 Kel. Pluit, Kec. Penjaringan, Kota Jakarta Utara, DKI Jakarta", "city": "Kota Jakarta Utara", "state": "DKI Jakarta", "postcode": "14450", "telephone": "+62 811-1990-0606", "facilities": ["tires_pump_up", "toilet", "musholla", "bike_friendly"], "products": ["regular_diesel", "regular_92", "ultimate"], "website": null, "watchlist_id": null, "formatted_address": "Jl. Pluit Indah No.35 Blok A Kav. No.1 Kel. Pluit, Kec. Penjaringan, Kota Jakarta Utara, DKI Jakarta\nKota Jakarta Utara\n14450", "channel_of_trade": null}, {"id": "JK008", "name": "bp Daan Mogot", "lat": -6.165206, "lng": 106.782962, "site_brand": "BP", "country_code": "ID", "address": "Jl Raya Daan Mogot RT 003 RW 006 Jelambar, Grogol Petamburan, Kota Jakarta Barat, DKI Jakarta", "city": "Kota Jakarta Barat", "state": "DKI Jakarta", "postcode": "11460", "telephone": "+62 811-1990-0606", "facilities": ["tires_pump_up", "toilet", "musholla", "alfamart", "bike_friendly"], "products": ["regular_diesel", "regular_92", "ultimate"], "website": null, "watchlist_id": null, "formatted_address": "Jl Raya Daan Mogot RT 003 RW 006 Jelambar, Grogol Petamburan, Kota Jakarta Barat, DKI Jakarta\nKota Jakarta Barat\n11460", "channel_of_trade": null}, {"id": "JB011", "name": "bp Alternatif Sentul", "lat": -6.52009, "lng": 106.83878, "site_brand": "BP", "country_code": "ID", "address": "Jl Alternatif Sentul Kelurahan Cijujung, Kecamatan Sukaraja, Kabupaten Bogor, Jawa Barat", "city": "Kabupaten Bogor", "state": "Jawa Barat", "postcode": "16711", "telephone": "+62 811-1990-0606", "facilities": ["tires_pump_up", "toilet", "musholla", "alfamart", "bike_friendly"], "products": ["regular_diesel", "regular_92", "ultimate"], "website": null, "watchlist_id": null, "formatted_address": "Jl Alternatif Sentul Kelurahan Cijujung, Kecamatan Sukaraja, Kabupaten Bogor, Jawa Barat\nKabupaten Bogor\n16711", "channel_of_trade": null}, {"id": "BT007", "name": "bp Imam Bonjol", "lat": -6.198463, "lng": 106.621499, "site_brand": "BP", "country_code": "ID", "address": "Jl Imam Bonjol RT 003 RW 001 Kelurahan Bojong Jaya, Kecamatan Karawaci, Kota Tangerang", "city": "Kota Tangerang", "state": "Banten", "postcode": "15115", "telephone": "+62 811-1990-0606", "facilities": ["tires_pump_up", "toilet", "musholla", "alfamart", "bike_friendly"], "products": ["regular_diesel", "regular_92", "ultimate"], "website": null, "watchlist_id": null, "formatted_address": "Jl Imam Bonjol RT 003 RW 001 Kelurahan Bojong Jaya, Kecamatan Karawaci, Kota Tangerang\nKota Tangerang\n15115", "channel_of_trade": null}, {"id": "JB008", "name": "bp Grand Galaxy", "lat": -6.267284, "lng": 106.974632, "site_brand": "BP", "country_code": "ID", "address": "Jl Pulo Ribung Raya RT. 003 RW. 017 Kel. Jakasetia Kec. Bekasi Selatan, Kota Bekasi, Jawa Barat", "city": "Kota Bekasi", "state": "Jawa Barat", "postcode": "17147", "telephone": "+62 811-1990-0606", "facilities": ["tires_pump_up", "toilet", "musholla", "tuku_coffee", "alfamart", "fresh_pastry", "bike_friendly"], "products": ["regular_diesel", "regular_92", "ultimate"], "website": null, "watchlist_id": null, "formatted_address": "Jl Pulo Ribung Raya RT. 003 RW. 017 Kel. Jakasetia Kec. Bekasi Selatan, Kota Bekasi, Jawa Barat\nKota Bekasi\n17147", "channel_of_trade": null}, {"id": "JK003", "name": "bp Lingkar Luar Barat", "lat": -6.17768, "lng": 106.728899, "site_brand": "BP", "country_code": "ID", "address": "Jl Lingkar Luar Barat Outer Ring Road RT. 6 RW. 1 Kembangan Utara, Kembangan, Jakarta Barat, DKI Jakarta", "city": "Kota Jakarta Barat", "state": "DKI Jakarta", "postcode": "11610", "telephone": "+62 811-1990-0606", "facilities": ["tires_pump_up", "toilet", "musholla", "alfamart", "bike_friendly"], "products": ["regular_diesel", "regular_92", "ultimate"], "website": null, "watchlist_id": null, "formatted_address": "Jl Lingkar Luar Barat Outer Ring Road RT. 6 RW. 1 Kembangan Utara, Kembangan, Jakarta Barat, DKI Jakarta\nKota Jakarta Barat\n11610", "channel_of_trade": null}, {"id": "BT004", "name": "bp Ciater Raya", "lat": -6.314313, "lng": 106.696646, "site_brand": "BP", "country_code": "ID", "address": "Jl. Ciater Raya Blok RH No. 17, Rw. Mekar Jaya, Kec. Serpong, Kota Tangerang Selatan, Banten 15310", "city": "Kota Tangerang", "state": "Banten", "postcode": "15310", "telephone": "+62 811-1990-0606", "facilities": ["tires_pump_up", "toilet", "musholla", "kopi_kenangan", "alfamart", "bike_friendly"], "products": ["regular_diesel", "regular_92", "ultimate"], "website": null, "watchlist_id": null, "formatted_address": "Jl. Ciater Raya Blok RH No. 17, Rw. Mekar Jaya, Kec. Serpong, Kota Tangerang Selatan, Banten 15310\nKota Tangerang\n15310", "channel_of_trade": null}, {"id": "JB015", "name": "bp Citralake Parung", "lat": -6.381046, "lng": 106.746765, "site_brand": "BP", "country_code": "ID", "address": "Jl. Parung Raya, Kedaung, Sawangan, Depok", "city": "Kota Depok", "state": "Jawa Barat", "postcode": "16516", "telephone": "+62 811-1990-0606", "facilities": ["toilet", "musholla"], "products": ["regular_diesel", "regular_92", "ultimate"], "website": null, "watchlist_id": null, "formatted_address": "Jl. Parung Raya, Kedaung, Sawangan, Depok\nKota Depok\n16516", "channel_of_trade": null}, {"id": "JB014", "name": "bp Sentul City", "lat": -6.56793, "lng": 106.85401, "site_brand": "BP", "country_code": "ID", "address": "Jl. MH Thamrin, Citaringgul, Babakan Madang", "city": "Kabupaten Bogor", "state": "Jawa Barat", "postcode": "16810", "telephone": "+62 811-1990-0606", "facilities": ["tires_pump_up", "toilet", "musholla", "tuku_coffee", "alfamart", "fresh_pastry", "bike_friendly"], "products": ["regular_diesel", "regular_92", "ultimate"], "website": null, "watchlist_id": null, "formatted_address": "Jl. MH Thamrin, Citaringgul, Babakan Madang\nKabupaten Bogor\n16810", "channel_of_trade": null}, {"id": "JK010", "name": "bp TB Simatupang", "lat": -6.30418, "lng": 106.84341, "site_brand": "BP", "country_code": "ID", "address": "Jl. TB Simatupang No. 8 Tanjung Barat, Jagakarsa", "city": "Jakarta Selatan", "state": "DKI Jakarta", "postcode": "12530", "telephone": "+62 811-1990-0606", "facilities": ["tires_pump_up", "toilet", "musholla", "alfamart", "bike_friendly"], "products": ["regular_diesel", "regular_92", "ultimate"], "website": null, "watchlist_id": null, "formatted_address": "Jl. TB Simatupang No. 8 Tanjung Barat, Jagakarsa\nJakarta Selatan\n12530", "channel_of_trade": null}, {"id": "JB013", "name": "bp Grand Depok City", "lat": -6.41075, "lng": 106.81809, "site_brand": "BP", "country_code": "ID", "address": "Jl. Boulevard Grand Depok City, Depok, Kec. Pancoran Mas", "city": "Kota Depok", "state": "Jawa Barat", "postcode": "16431", "telephone": "+62 811-1990-0606", "facilities": ["toilet", "musholla", "tuku_coffee", "alfamart", "fresh_pastry", "bike_friendly"], "products": ["regular_diesel", "regular_92", "ultimate"], "website": null, "watchlist_id": null, "formatted_address": "Jl. Boulevard Grand Depok City, Depok, Kec. Pancoran Mas\nKota Depok\n16431", "channel_of_trade": null}, {"id": "BT001", "name": "bp BSD De Latinos", "lat": -6.320327, "lng": 106.681961, "site_brand": "BP", "country_code": "ID", "address": "Jl. Raya Rawa Buntu RT 006 RW 001, Serpong, Tangsel", "city": "Tanggerang Selatan", "state": "Banten", "postcode": "15318", "telephone": "+62 811-1990-0606", "facilities": ["tires_pump_up", "cash_point", "toilet", "musholla", "kopi_kenangan", "alfamart", "takeaway_food", "restaurant", "bike_friendly"], "products": ["regular_diesel", "regular_92", "ultimate"], "website": null, "watchlist_id": null, "formatted_address": "Jl. Raya Rawa Buntu RT 006 RW 001, Serpong, Tangsel\nTanggerang Selatan\n15318", "channel_of_trade": null}, {"id": "BT005", "name": "bp Metland Cybercity", "lat": -6.200219, "lng": 106.704222, "site_brand": "BP", "country_code": "ID", "address": "Jl. STA. 11 Green Lake City Metland Lot C1B, Kelurahan Pondok Bahar, Kecamatan Karang Tengah, Kota Tangerang", "city": "Kota Tangerang", "state": "Banten", "postcode": "15159", "telephone": "+62 811-1990-0606", "facilities": ["open_24_hours", "tires_pump_up", "cash_point", "toilet", "musholla", "kopi_kenangan", "alfamart", "bike_friendly"], "products": ["regular_diesel", "regular_92", "ultimate"], "website": null, "watchlist_id": null, "formatted_address": "Jl. STA. 11 Green Lake City Metland Lot C1B, Kelurahan Pondok Bahar, Kecamatan Karang Tengah, Kota Tangerang\nKota Tangerang\n15159", "channel_of_trade": null}, {"id": "BT003", "name": "bp GS Paramount", "lat": -6.265062, "lng": 106.630032, "site_brand": "BP", "country_code": "ID", "address": "Jl. Soekarno Lot 1 Gading Serpong, Kabupaten Tangerang", "city": "Tanggerang Selatan", "state": "Banten", "postcode": "15332", "telephone": "+62 811-1990-0606", "facilities": ["open_24_hours", "tires_pump_up", "cash_point", "toilet", "musholla", "tuku_coffee", "alfamart", "fresh_pastry", "bike_friendly"], "products": ["regular_diesel", "regular_92", "ultimate"], "website": null, "watchlist_id": null, "formatted_address": "Jl. Soekarno Lot 1 Gading Serpong, Kabupaten Tangerang\nTanggerang Selatan\n15332", "channel_of_trade": null}, {"id": "BT002", "name": "bp Bintaro Emerald", "lat": -6.274025, "lng": 106.701363, "site_brand": "BP", "country_code": "ID", "address": "Jl. Boulevard Bintaro Jaya Blok CE/ A-03, Bintaro sektor 9, Tangsel", "city": "Tanggerang Selatan", "state": "Banten", "postcode": "15228", "telephone": "+62 811-1990-0606", "facilities": ["open_24_hours", "tires_pump_up", "cash_point", "toilet", "musholla", "tuku_coffee", "alfamart", "fresh_pastry", "bike_friendly"], "products": ["regular_diesel", "regular_92", "ultimate"], "website": null, "watchlist_id": null, "formatted_address": "Jl. Boulevard Bintaro Jaya Blok CE/ A-03, Bintaro sektor 9, Tangsel\nTanggerang Selatan\n15228", "channel_of_trade": null}, {"id": "JB001", "name": "bp Cibubur Transyogi", "lat": -6.389995, "lng": 106.949373, "site_brand": "BP", "country_code": "ID", "address": "Jl. Alternatif Cibubur KM. 6, Gunung Putri, Kabupaten Bogor", "city": "Bogor", "state": "Jawa Barat", "postcode": "16967", "telephone": "+62 811-1990-0606", "facilities": ["open_24_hours", "tires_pump_up", "toilet", "musholla", "tuku_coffee", "alfamart", "fresh_pastry", "bike_friendly"], "products": ["regular_diesel", "regular_92", "ultimate"], "website": null, "watchlist_id": null, "formatted_address": "Jl. Alternatif Cibubur KM. 6, Gunung Putri, Kabupaten Bogor\nBogor\n16967", "channel_of_trade": null}, {"id": "JB003", "name": "bp Karawang Barat", "lat": -6.336868, "lng": 107.272495, "site_brand": "BP", "country_code": "ID", "address": "Jl. International Karawang Barat, Karawang Barat", "city": "Karawang", "state": "Jawa Barat", "postcode": "41361", "telephone": "+62 811-1990-0606", "facilities": ["tires_pump_up", "toilet", "musholla", "kopi_kenangan", "alfamart", "bike_friendly"], "products": ["regular_diesel", "regular_92", "ultimate"], "website": null, "watchlist_id": null, "formatted_address": "Jl. International Karawang Barat, Karawang Barat\nKarawang\n41361", "channel_of_trade": null}, {"id": "JB006", "name": "bp Rest Area Km 72A", "lat": -6.465362, "lng": 107.444027, "site_brand": "BP", "country_code": "ID", "address": "Toll road Cipularang Kilometer 72, Kab Purwakarta", "city": "Kabupaten Purwakarta", "state": "Jawa Barat", "postcode": "41151", "telephone": "+62 811-1990-0606", "facilities": ["tires_pump_up", "toilet", "musholla", "kopi_kenangan", "alfamart"], "products": ["regular_diesel", "regular_92", "ultimate"], "website": null, "watchlist_id": null, "formatted_address": "Toll road Cipularang Kilometer 72, Kab Purwakarta\nKabupaten Purwakarta\n41151", "channel_of_trade": null}, {"id": "JB004", "name": "bp Cikarang Sriwijaya", "lat": -6.33862, "lng": 107.153356, "site_brand": "BP", "country_code": "ID", "address": "Jl. Sriwijaya No. 22 Lippo Cikarang, Cibatu, Cikarang Selatan, Kab. Bekasi, Jawa Barat", "city": "Kabupaten Bekasi", "state": "Jawa Barat", "postcode": "17530", "telephone": "+62 811-1990-0606", "facilities": ["tires_pump_up", "toilet", "musholla", "kopi_kenangan", "alfamart", "bike_friendly"], "products": ["regular_diesel", "regular_92", "ultimate"], "website": null, "watchlist_id": null, "formatted_address": "Jl. Sriwijaya No. 22 Lippo Cikarang, Cibatu, Cikarang Selatan, Kab. Bekasi, Jawa Barat\nKabupaten Bekasi\n17530", "channel_of_trade": null}, {"id": "JK001", "name": "bp Meruya Ilir", "lat": -6.198348, "lng": 106.760176, "site_brand": "BP", "country_code": "ID", "address": "Jl. Meruya Utara No. 26 RT 001 RW 005 , Kel. Meruya Utara, Kec. Kembangan, Jakarta Barat", "city": "Kota Jakarta Barat", "state": "Jakarta Barat", "postcode": "11510", "telephone": "+62 811-1990-0606", "facilities": ["tires_pump_up", "toilet", "musholla", "kopi_kenangan", "bike_friendly"], "products": ["regular_diesel", "regular_92", "ultimate"], "website": null, "watchlist_id": null, "formatted_address": "Jl. Meruya Utara No. 26 RT 001 RW 005 , Kel. Meruya Utara, Kec. Kembangan, Jakarta Barat\nKota Jakarta Barat\n11510", "channel_of_trade": null}, {"id": "BT006", "name": "bp Graha Raya Silktown", "lat": -6.241148, "lng": 106.666089, "site_brand": "BP", "country_code": "ID", "address": "Jl. Boulevard Graha Raya Silktown Kavling No. 1B, Kel Pondok Jagung Timur, Kec Serpong Utara, Tangerang Selatan", "city": "Kota Tangerang Selatan", "state": "Banten", "postcode": "15326", "telephone": "+62 811-1990-0606", "facilities": ["tires_pump_up", "toilet", "musholla", "alfamart", "bike_friendly"], "products": ["regular_diesel", "regular_92", "ultimate"], "website": null, "watchlist_id": null, "formatted_address": "Jl. Boulevard Graha Raya Silktown Kavling No. 1B, Kel Pondok Jagung Timur, Kec Serpong Utara, Tangerang Selatan\nKota Tangerang Selatan\n15326", "channel_of_trade": null}, {"id": "JB007", "name": "bp Sholeh Iskandar", "lat": -6.55657, "lng": 106.779107, "site_brand": "BP", "country_code": "ID", "address": "Jalan KH. Sholeh Iskandar (Lotte Mart) RT. 05 RW. 04, Kel. Cibadak, Kec. Tanah Sareal, Kota Bogor", "city": "Kota Bogor", "state": "Jawa Barat", "postcode": "16169", "telephone": "+62 811-1990-0606", "facilities": ["tires_pump_up", "toilet", "musholla", "tuku_coffee", "fresh_pastry", "restaurant", "bike_friendly"], "products": ["regular_diesel", "regular_92", "ultimate"], "website": null, "watchlist_id": null, "formatted_address": "Jalan KH. Sholeh Iskandar (Lotte Mart) RT. 05 RW. 04, Kel. Cibadak, Kec. Tanah Sareal, Kota Bogor\nKota Bogor\n16169", "channel_of_trade": null}, {"id": "JK005", "name": "bp Teuku Nyak Arief", "lat": -6.231187, "lng": 106.789573, "site_brand": "BP", "country_code": "ID", "address": "Jl Teuku Nyak Arief RT. 007 RW. 02 Grogol Selatan, Kebayoran Lama, Jakarta Selatan - DKI Jakarta", "city": "Kota Jakarta Selatan", "state": "DKI Jakarta", "postcode": "12220", "telephone": "+62 811-1990-0606", "facilities": ["open_24_hours", "tires_pump_up", "toilet", "musholla", "tuku_coffee", "alfamart", "fresh_pastry", "bike_friendly"], "products": ["regular_diesel", "regular_92", "ultimate"], "website": null, "watchlist_id": null, "formatted_address": "Jl Teuku Nyak Arief RT. 007 RW. 02 Grogol Selatan, Kebayoran Lama, Jakarta Selatan - DKI Jakarta\nKota Jakarta Selatan\n12220", "channel_of_trade": null}, {"id": "JB009", "name": "bp Raya Sawangan", "lat": -6.396035, "lng": 106.776903, "site_brand": "BP", "country_code": "ID", "address": "Jl Raya Sawangan RT 003 RW 009 Kel Rangkapan Jaya Baru Kec Pancoran Mas, Depok, Jawa Barat", "city": "Kota Depok", "state": "Jawa Barat", "postcode": "16434", "telephone": "+62 811-1990-0606", "facilities": ["tires_pump_up", "toilet", "musholla", "alfamart", "bike_friendly"], "products": ["regular_diesel", "regular_92", "ultimate"], "website": null, "watchlist_id": null, "formatted_address": "Jl Raya Sawangan RT 003 RW 009 Kel Rangkapan Jaya Baru Kec Pancoran Mas, Depok, Jawa Barat\nKota Depok\n16434", "channel_of_trade": null}, {"id": "JK007", "name": "bp Lenteng Agung", "lat": -6.320407, "lng": 106.836393, "site_brand": "BP", "country_code": "ID", "address": "Jl Lenteng Agung RT 007 RW 001 Lenteng Agung, Jagakarsa, Kota Jakarta Selatan, DKI Jakarta", "city": "Kota Jakarta Selatan", "state": "DKI Jakarta", "postcode": "12530", "telephone": "+62 811-1990-0606", "facilities": ["tires_pump_up", "toilet", "musholla", "tuku_coffee", "alfamart", "fresh_pastry", "bike_friendly"], "products": ["regular_diesel", "regular_92", "ultimate"], "website": null, "watchlist_id": null, "formatted_address": "Jl Lenteng Agung RT 007 RW 001 Lenteng Agung, Jagakarsa, Kota Jakarta Selatan, DKI Jakarta\nKota Jakarta Selatan\n12530", "channel_of_trade": null}, {"id": "JB012", "name": "bp Gunung Putri", "lat": -6.346308, "lng": 106.961913, "site_brand": "BP", "country_code": "ID", "address": "Jl Raya Ciangsana Kelurahan Ciangsana, Kecamatan Gunung Putri, Kabupaten Bogor, Jawa Barat", "city": "Kabupaten Bogor", "state": "Jawa Barat", "postcode": "16968", "telephone": "+62 811-1990-0606", "facilities": ["tires_pump_up", "toilet", "musholla", "bike_friendly"], "products": ["regular_diesel", "regular_92"], "website": null, "watchlist_id": null, "formatted_address": "Jl Raya Ciangsana Kelurahan Ciangsana, Kecamatan Gunung Putri, Kabupaten Bogor, Jawa Barat\nKabupaten Bogor\n16968", "channel_of_trade": null}, {"id": "BT008", "name": "bp Puspitek Raya", "lat": -6.346935, "lng": 106.695157, "site_brand": "BP", "country_code": "ID", "address": "Jl. Puspitek, Babakan, Kec. Setu, Kota Tangerang Selatan, Banten ", "city": "Kota Tangerang Selatan", "state": "Banten", "postcode": "15315", "telephone": "+62 811-1990-0606", "facilities": ["tires_pump_up", "toilet", "musholla", "bike_friendly"], "products": ["regular_diesel", "regular_92"], "website": null, "watchlist_id": null, "formatted_address": "Jl. Puspitek, Babakan, Kec. Setu, Kota Tangerang Selatan, Banten \nKota Tangerang Selatan\n15315", "channel_of_trade": null}, {"id": "BT009", "name": "bp MH Thamrin", "lat": -6.210857, "lng": 106.629099, "site_brand": "BP", "country_code": "ID", "address": "Jl. MH Thamrin, Kel. Cikokol, Kec. Tangerang, Kota Tangerang 15117", "city": "Kota Tangerang", "state": "Banten", "postcode": "15117", "telephone": "+62 811-1990-0606", "facilities": ["tires_pump_up", "toilet", "musholla", "bike_friendly"], "products": ["regular_diesel", "regular_92", "ultimate"], "website": null, "watchlist_id": null, "formatted_address": "Jl. MH Thamrin, Kel. Cikokol, Kec. Tangerang, Kota Tangerang 15117\nKota Tangerang\n15117", "channel_of_trade": null}, {"id": "JK004", "name": "bp Pangeran Antasari", "lat": -6.279517, "lng": 106.807323, "site_brand": "BP", "country_code": "ID", "address": "Jl Gaharu I Terusan No. 15b RT. 003 RW. 011 Cilandak Barat, Cilandak, Kota Jakarta Selatan, DKI Jakarta", "city": "Kota Jakarta Selatan", "state": "DKI Jakarta", "postcode": "12430", "telephone": "+62 811-1990-0606", "facilities": ["tires_pump_up", "toilet", "musholla", "alfamart", "wild_bean_cafe", "fresh_pastry", "bike_friendly"], "products": ["regular_diesel", "regular_92", "ultimate"], "website": null, "watchlist_id": null, "formatted_address": "Jl Gaharu I Terusan No. 15b RT. 003 RW. 011 Cilandak Barat, Cilandak, Kota Jakarta Selatan, DKI Jakarta\nKota Jakarta Selatan\n12430", "channel_of_trade": null}, {"id": "JB005", "name": "bp Jababeka Hollywood", "lat": -6.294013, "lng": 107.170586, "site_brand": "BP", "country_code": "ID", "address": "Jl. H Umar Ismail Kav. B5 Jababeka Residence, Cikarang Utara", "city": "Bekasi", "state": "Jawa Barat", "postcode": "17530", "telephone": "+62 811-1990-0606", "facilities": ["tires_pump_up", "toilet", "musholla", "kopi_kenangan", "martabak_orins", "alfamart", "bike_friendly"], "products": ["regular_diesel", "regular_92", "ultimate"], "website": null, "watchlist_id": null, "formatted_address": "Jl. H Umar Ismail Kav. B5 Jababeka Residence, Cikarang Utara\nBekasi\n17530", "channel_of_trade": null}]